{
    "blogCategories": [
        {
            "id": "1",
            "text": "Business"
        },
        {
            "id": "2",
            "text": "Entertaiment"
        },
        {
            "id": "3",
            "text": "Fashion"
        },
        {
            "id": "4",
            "text": "Life style"
        },
        {
            "id": "5",
            "text": "Others"
        },
        {
            "id": "6",
            "text": "Technology"
        },
        {
            "id": "7",
            "text": "Others"
        }
    ],
    "postFeatures": {
        "id": "1",
        "title": "Harman Kadon Onyx Studio Mini, Reviews & Experiences",
        "thumbnail": "/static/img/blog/grid/large.jpg",
        "type": "large",
        "categories": ["Technology"]
    },
    "posts": [
        {
            "id": "2",
            "title": "Experience Great Sound With Beats’s Headphone",
            "thumbnail": "/static/img/blog/grid/1.jpg",
            "type": "normal",
            "badge": "icon-volume-high",
            "categories": [
                {
                    "id": "2",
                    "text": "Entertaiment"
                },
                {
                    "id": "6",
                    "text": "Technology"
                }
            ]
        },
        {
            "id": "3",
            "title": "Products Necessery For Mom",
            "thumbnail": "/static/img/blog/grid/2.jpg",
            "type": "normal",
            "categories": [
                {
                    "id": "4",
                    "text": "Life style"
                }
            ]
        },
        {
            "id": "4",
            "title": "Home Interior: Modern Style 2017",
            "thumbnail": "/static/img/blog/grid/3.jpg",
            "type": "normal",
            "categories": [
                {
                    "id": "4",
                    "text": "Life style"
                }
            ]
        },
        {
            "id": "5",
            "title": "DeerCo – A New Look About Startup In Product Manufacture Field7",
            "thumbnail": "/static/img/blog/grid/4.jpg",
            "type": "normal",
            "badge": "icon-picture",
            "categories": [
                {
                    "id": "2",
                    "text": "Entertaiment"
                }
            ]
        },
        {
            "id": "6",
            "title": "B&O Play – Best Headphone For You",
            "thumbnail": "/static/img/blog/grid/5.jpg",
            "type": "normal",
            "badge": "icon-camera-play",
            "categories": [
                {
                    "id": "6",
                    "text": "Technology"
                }
            ]
        },
        {
            "id": "7",
            "title": "Unique Products For Your Kitchen From IKEA Design",
            "thumbnail": "/static/img/blog/grid/6.jpg",
            "type": "normal",
            "categories": [
                {
                    "id": "1",
                    "text": "Business"
                },
                {
                    "id": "6",
                    "text": "Technology"
                }
            ]
        }
    ],
    "recentPosts": [
        {
            "id": "3",
            "title": "Products Necessery For Mom",
            "thumbnail": "/static/img/blog/grid/2.jpg",
            "type": "normal",
            "categories": [
                {
                    "id": "4",
                    "text": "Life style"
                }
            ]
        },
        {
            "id": "4",
            "title": "Home Interior: Modern Style 2017",
            "thumbnail": "/static/img/blog/grid/3.jpg",
            "type": "normal",
            "categories": [
                {
                    "id": "4",
                    "text": "Life style"
                }
            ]
        },
        {
            "id": "5",
            "title": "DeerCo – A New Look About Startup In Product Manufacture Field7",
            "thumbnail": "/static/img/blog/grid/4.jpg",
            "type": "normal",
            "badge": "icon-picture",
            "categories": [
                {
                    "id": "2",
                    "text": "Entertaiment"
                }
            ]
        },
        {
            "id": "6",
            "title": "B&O Play – Best Headphone For You",
            "thumbnail": "/static/img/blog/grid/5.jpg",
            "type": "normal",
            "badge": "icon-camera-play",
            "categories": [
                {
                    "id": "6",
                    "text": "Technology"
                }
            ]
        }
    ]
}
